{
    "('score', 'count')": {
        "0.0": 256.0,
        "0.125": 617.0,
        "0.25": 1391.0,
        "0.375": 1929.0,
        "0.5": 2173.0,
        "0.625": 2026.0,
        "0.75": 1399.0,
        "0.875": 720.0,
        "1.0": 209.0
    },
    "('score', 'mean')": {
        "0.0": 9.3671875,
        "0.125": 12.2220421394,
        "0.25": 14.2501797268,
        "0.375": 16.8838776568,
        "0.5": 19.3722963645,
        "0.625": 22.0789733465,
        "0.75": 25.3302358828,
        "0.875": 28.9319444444,
        "1.0": 31.5263157895
    },
    "('score', 'std')": {
        "0.0": 6.4817948298,
        "0.125": 7.32530087,
        "0.25": 8.192773507,
        "0.375": 8.8150659825,
        "0.5": 8.8825934299,
        "0.625": 9.4098809183,
        "0.75": 9.2513553514,
        "0.875": 9.2704433549,
        "1.0": 8.8811883255
    },
    "('score', 'min')": {
        "0.0": 0.0,
        "0.125": 0.0,
        "0.25": 0.0,
        "0.375": 0.0,
        "0.5": 0.0,
        "0.625": 0.0,
        "0.75": 0.0,
        "0.875": 0.0,
        "1.0": 6.0
    },
    "('score', '25%')": {
        "0.0": 5.0,
        "0.125": 7.0,
        "0.25": 9.0,
        "0.375": 10.0,
        "0.5": 13.0,
        "0.625": 16.0,
        "0.75": 20.0,
        "0.875": 23.0,
        "1.0": 27.0
    },
    "('score', '50%')": {
        "0.0": 9.0,
        "0.125": 13.0,
        "0.25": 14.0,
        "0.375": 17.0,
        "0.5": 20.0,
        "0.625": 21.0,
        "0.75": 25.0,
        "0.875": 29.0,
        "1.0": 31.0
    },
    "('score', '75%')": {
        "0.0": 14.0,
        "0.125": 17.0,
        "0.25": 19.0,
        "0.375": 23.0,
        "0.5": 24.0,
        "0.625": 28.0,
        "0.75": 31.0,
        "0.875": 35.0,
        "1.0": 37.0
    },
    "('score', 'max')": {
        "0.0": 31.0,
        "0.125": 44.0,
        "0.25": 62.0,
        "0.375": 55.0,
        "0.5": 51.0,
        "0.625": 59.0,
        "0.75": 57.0,
        "0.875": 59.0,
        "1.0": 59.0
    }
}