{
    "('score', 'count')": {
        "0.0": 254.0,
        "0.125": 645.0,
        "0.25": 1265.0,
        "0.375": 1898.0,
        "0.5": 2240.0,
        "0.625": 2052.0,
        "0.75": 1441.0,
        "0.875": 727.0,
        "1.0": 198.0
    },
    "('score', 'mean')": {
        "0.0": 11.5590551181,
        "0.125": 13.8620155039,
        "0.25": 17.0134387352,
        "0.375": 19.1485774499,
        "0.5": 22.3723214286,
        "0.625": 24.8021442495,
        "0.75": 27.5766828591,
        "0.875": 31.6327372765,
        "1.0": 34.9343434343
    },
    "('score', 'std')": {
        "0.0": 7.6800172341,
        "0.125": 8.1221955867,
        "0.25": 9.0737472346,
        "0.375": 9.1410807616,
        "0.5": 9.3922388667,
        "0.625": 9.1842739314,
        "0.75": 9.5672973276,
        "0.875": 9.9294301167,
        "1.0": 8.7544467206
    },
    "('score', 'min')": {
        "0.0": 0.0,
        "0.125": 0.0,
        "0.25": 0.0,
        "0.375": 0.0,
        "0.5": 0.0,
        "0.625": 0.0,
        "0.75": 0.0,
        "0.875": 3.0,
        "1.0": 9.0
    },
    "('score', '25%')": {
        "0.0": 7.0,
        "0.125": 7.0,
        "0.25": 10.0,
        "0.375": 13.0,
        "0.5": 16.0,
        "0.625": 19.0,
        "0.75": 21.0,
        "0.875": 24.0,
        "1.0": 29.0
    },
    "('score', '50%')": {
        "0.0": 10.0,
        "0.125": 13.0,
        "0.25": 17.0,
        "0.375": 19.0,
        "0.5": 21.0,
        "0.625": 24.0,
        "0.75": 27.0,
        "0.875": 31.0,
        "1.0": 34.0
    },
    "('score', '75%')": {
        "0.0": 14.0,
        "0.125": 20.0,
        "0.25": 23.0,
        "0.375": 25.0,
        "0.5": 28.0,
        "0.625": 31.0,
        "0.75": 34.0,
        "0.875": 38.0,
        "1.0": 41.0
    },
    "('score', 'max')": {
        "0.0": 37.0,
        "0.125": 45.0,
        "0.25": 51.0,
        "0.375": 57.0,
        "0.5": 59.0,
        "0.625": 62.0,
        "0.75": 62.0,
        "0.875": 72.0,
        "1.0": 62.0
    }
}