{
    "('score', 'count')": {
        "0.0": 510.0,
        "0.125": 1262.0,
        "0.25": 2656.0,
        "0.375": 3827.0,
        "0.5": 4413.0,
        "0.625": 4078.0,
        "0.75": 2840.0,
        "0.875": 1447.0,
        "1.0": 407.0
    },
    "('score', 'mean')": {
        "0.0": 10.4588235294,
        "0.125": 13.06022187,
        "0.25": 15.5662650602,
        "0.375": 18.0070551346,
        "0.5": 20.8950827102,
        "0.625": 23.4492398234,
        "0.75": 26.4700704225,
        "0.875": 30.2888735314,
        "1.0": 33.1842751843
    },
    "('score', 'std')": {
        "0.0": 7.1811578511,
        "0.125": 7.7831139092,
        "0.25": 8.7317490552,
        "0.375": 9.0482069789,
        "0.5": 9.2660194687,
        "0.625": 9.395109764,
        "0.75": 9.4781307018,
        "0.875": 9.6983996792,
        "1.0": 8.972478358
    },
    "('score', 'min')": {
        "0.0": 0.0,
        "0.125": 0.0,
        "0.25": 0.0,
        "0.375": 0.0,
        "0.5": 0.0,
        "0.625": 0.0,
        "0.75": 0.0,
        "0.875": 0.0,
        "1.0": 6.0
    },
    "('score', '25%')": {
        "0.0": 6.0,
        "0.125": 7.0,
        "0.25": 10.0,
        "0.375": 12.0,
        "0.5": 14.0,
        "0.625": 17.0,
        "0.75": 20.0,
        "0.875": 24.0,
        "1.0": 27.0
    },
    "('score', '50%')": {
        "0.0": 10.0,
        "0.125": 13.0,
        "0.25": 14.0,
        "0.375": 17.0,
        "0.5": 20.0,
        "0.625": 23.0,
        "0.75": 27.0,
        "0.875": 30.0,
        "1.0": 33.0
    },
    "('score', '75%')": {
        "0.0": 14.0,
        "0.125": 17.0,
        "0.25": 20.0,
        "0.375": 24.0,
        "0.5": 27.0,
        "0.625": 30.0,
        "0.75": 33.0,
        "0.875": 37.0,
        "1.0": 38.0
    },
    "('score', 'max')": {
        "0.0": 37.0,
        "0.125": 45.0,
        "0.25": 62.0,
        "0.375": 57.0,
        "0.5": 59.0,
        "0.625": 62.0,
        "0.75": 62.0,
        "0.875": 72.0,
        "1.0": 62.0
    }
}